ons_id,ons_name,ft_name,ft_slug,bbc_id,pa_id,guardian_id,region_code,region_name
E14000530,Aldershot,Aldershot,aldershot,7,7,669,E15000008,South East
E14000531,Aldridge-Brownhills,Aldridge-Brownhills,aldridge-brownhills,8,8,670,E15000005,West Midlands
E14000532,Altrincham and Sale West,Altrincham and Sale West,altrincham-and-sale-west,9,9,671,E15000002,North West
E14000533,Amber Valley,Amber Valley,amber-valley,11,11,673,E15000004,East Midlands
E14000534,Arundel and South Downs,Arundel and South Downs,arundel-and-south-downs,17,18,677,E15000008,South East
E14000535,Ashfield,Ashfield,ashfield,18,19,678,E15000004,East Midlands
E14000536,Ashford,Ashford,ashford,19,20,679,E15000008,South East
E14000537,Ashton-under-Lyne,Ashton-under-Lyne,ashton-under-lyne,20,21,680,E15000002,North West
E14000538,Aylesbury,Aylesbury,aylesbury,21,22,681,E15000008,South East
E14000539,Banbury,Banbury,banbury,23,26,683,E15000008,South East
E14000540,Barking,Barking,barking,25,28,685,E15000007,London
E14000541,Barnsley Central,Barnsley Central,barnsley-central,26,29,686,E15000003,Yorkshire and The Humber
E14000542,Barnsley East,Barnsley East,barnsley-east,,30,687,E15000003,Yorkshire and The Humber
E14000543,Barrow and Furness,Barrow and Furness,barrow-and-furness,29,31,690,E15000002,North West
E14000544,Basildon and Billericay,Basildon and Billericay,basildon-and-billericay,,32,1474,E15000006,Eastern
E14000545,Basingstoke,Basingstoke,basingstoke,31,34,692,E15000008,South East
E14000546,Bassetlaw,Bassetlaw,bassetlaw,32,35,693,E15000004,East Midlands
E14000547,Bath,Bath,bath,33,36,694,E15000009,South West
E14000548,Batley and Spen,Batley and Spen,batley-and-spen,34,37,695,E15000003,Yorkshire and The Humber
E14000549,Battersea,Battersea,battersea,35,38,696,E15000007,London
E14000550,Beaconsfield,Beaconsfield,beaconsfield,36,39,697,E15000008,South East
E14000551,Beckenham,Beckenham,beckenham,37,40,698,E15000007,London
E14000552,Bedford,Bedford,bedford,38,41,699,E15000006,Eastern
E14000553,Bermondsey and Old Southwark,Bermondsey and Old Southwark,bermondsey-and-old-southwark,,49,1475,E15000007,London
E14000554,Berwick-upon-Tweed,Berwick-upon-Tweed,berwick-upon-tweed,46,50,704,E15000001,North East
E14000555,Bethnal Green and Bow,Bethnal Green and Bow,bethnal-green-and-bow,47,52,705,E15000007,London
E14000556,Beverley and Holderness,Beverley and Holderness,beverley-and-holderness,48,53,708,E15000003,Yorkshire and The Humber
E14000557,Bexhill and Battle,Bexhill and Battle,bexhill-and-battle,49,54,709,E15000008,South East
E14000558,Bexleyheath and Crayford,Bexleyheath and Crayford,bexleyheath-and-crayford,50,55,711,E15000007,London
E14000559,Birkenhead,Birkenhead,birkenhead,52,56,713,E15000002,North West
E14000560,"Birmingham, Edgbaston","Birmingham, Edgbaston",birmingham-edgbaston,53,57,714,E15000005,West Midlands
E14000561,"Birmingham, Erdington","Birmingham, Erdington",birmingham-erdington,54,58,715,E15000005,West Midlands
E14000562,"Birmingham, Hall Green","Birmingham, Hall Green",birmingham-hall-green,55,59,716,E15000005,West Midlands
E14000563,"Birmingham, Hodge Hill","Birmingham, Hodge Hill",birmingham-hodge-hill,56,60,717,E15000005,West Midlands
E14000564,"Birmingham, Ladywood","Birmingham, Ladywood",birmingham-ladywood,57,61,718,E15000005,West Midlands
E14000565,"Birmingham, Northfield","Birmingham, Northfield",birmingham-northfield,58,62,719,E15000005,West Midlands
E14000566,"Birmingham, Perry Barr","Birmingham, Perry Barr",birmingham-perry-barr,59,63,720,E15000005,West Midlands
E14000567,"Birmingham, Selly Oak","Birmingham, Selly Oak",birmingham-selly-oak,60,64,721,E15000005,West Midlands
E14000568,"Birmingham, Yardley","Birmingham, Yardley",birmingham-yardley,62,65,725,E15000005,West Midlands
E14000569,Bishop Auckland,Bishop Auckland,bishop-auckland,63,66,726,E15000001,North East
E14000570,Blackburn,Blackburn,blackburn,65,67,728,E15000002,North West
E14000571,Blackley and Broughton,Blackley and Broughton,blackley-and-broughton,,68,1476,E15000002,North West
E14000572,Blackpool North and Cleveleys,Blackpool North and Cleveleys,blackpool-north-and-cleveleys,,69,1477,E15000002,North West
E14000573,Blackpool South,Blackpool South,blackpool-south,67,70,731,E15000002,North West
E14000574,Blaydon,Blaydon,blaydon,69,72,733,E15000001,North East
E14000575,Blyth Valley,Blyth Valley,blyth-valley,70,73,734,E15000001,North East
E14000576,Bognor Regis and Littlehampton,Bognor Regis and Littlehampton,bognor-regis-and-littlehampton,71,74,735,E15000008,South East
E14000577,Bolsover,Bolsover,bolsover,72,75,736,E15000004,East Midlands
E14000578,Bolton North East,Bolton North East,bolton-north-east,73,76,737,E15000002,North West
E14000579,Bolton South East,Bolton South East,bolton-south-east,74,77,738,E15000002,North West
E14000580,Bolton West,Bolton West,bolton-west,75,78,739,E15000002,North West
E14000581,Bootle,Bootle,bootle,76,79,741,E15000002,North West
E14000582,Boston and Skegness,Boston and Skegness,boston-and-skegness,77,80,742,E15000004,East Midlands
E14000583,Bosworth,Bosworth,bosworth,78,81,743,E15000004,East Midlands
E14000584,Bournemouth East,Bournemouth East,bournemouth-east,79,82,744,E15000009,South West
E14000585,Bournemouth West,Bournemouth West,bournemouth-west,80,83,745,E15000009,South West
E14000586,Bracknell,Bracknell,bracknell,81,84,747,E15000008,South East
E14000587,Bradford East,Bradford East,bradford-east,,85,1478,E15000003,Yorkshire and The Humber
E14000588,Bradford South,Bradford South,bradford-south,83,86,749,E15000003,Yorkshire and The Humber
E14000589,Bradford West,Bradford West,bradford-west,84,87,750,E15000003,Yorkshire and The Humber
E14000590,Braintree,Braintree,braintree,85,88,751,E15000006,Eastern
E14000591,Brent Central,Brent Central,brent-central,,90,1479,E15000007,London
E14000592,Brent North,Brent North,brent-north,88,91,754,E15000007,London
E14000593,Brentford and Isleworth,Brentford and Isleworth,brentford-and-isleworth,90,92,756,E15000007,London
E14000594,Brentwood and Ongar,Brentwood and Ongar,brentwood-and-ongar,91,93,757,E15000006,Eastern
E14000595,Bridgwater and West Somerset,Bridgwater and West Somerset,bridgwater-and-west-somerset,,95,1480,E15000009,South West
E14000596,Brigg and Goole,Brigg and Goole,brigg-and-goole,94,96,762,E15000003,Yorkshire and The Humber
E14000597,"Brighton, Kemptown","Brighton, Kemptown",brighton-kemptown,95,97,763,E15000008,South East
E14000598,"Brighton, Pavilion","Brighton, Pavilion",brighton-pavilion,96,98,764,E15000008,South East
E14000599,Bristol East,Bristol East,bristol-east,97,99,765,E15000009,South West
E14000600,Bristol North West,Bristol North West,bristol-north-west,98,100,766,E15000009,South West
E14000601,Bristol South,Bristol South,bristol-south,99,101,767,E15000009,South West
E14000602,Bristol West,Bristol West,bristol-west,100,102,768,E15000009,South West
E14000603,Broadland,Broadland,broadland,,103,1481,E15000006,Eastern
E14000604,Bromley and Chislehurst,Bromley and Chislehurst,bromley-and-chislehurst,101,104,769,E15000007,London
E14000605,Bromsgrove,Bromsgrove,bromsgrove,102,105,770,E15000005,West Midlands
E14000606,Broxbourne,Broxbourne,broxbourne,103,106,771,E15000006,Eastern
E14000607,Broxtowe,Broxtowe,broxtowe,104,107,772,E15000004,East Midlands
E14000608,Buckingham,Buckingham,buckingham,105,108,773,E15000008,South East
E14000609,Burnley,Burnley,burnley,106,109,774,E15000002,North West
E14000610,Burton,Burton,burton,107,110,775,E15000005,West Midlands
E14000611,Bury North,Bury North,bury-north,108,111,776,E15000002,North West
E14000612,Bury South,Bury South,bury-south,109,112,777,E15000002,North West
E14000613,Bury St Edmunds,Bury St Edmunds,bury-st-edmunds,110,113,778,E15000006,Eastern
E14000614,Calder Valley,Calder Valley,calder-valley,114,116,783,E15000003,Yorkshire and The Humber
E14000615,Camberwell and Peckham,Camberwell and Peckham,camberwell-and-peckham,115,117,784,E15000007,London
E14000616,Camborne and Redruth,Camborne and Redruth,camborne-and-redruth,,118,1482,E15000009,South West
E14000617,Cambridge,Cambridge,cambridge,116,119,785,E15000006,Eastern
E14000618,Cannock Chase,Cannock Chase,cannock-chase,121,124,786,E15000005,West Midlands
E14000619,Canterbury,Canterbury,canterbury,122,125,788,E15000008,South East
E14000620,Carlisle,Carlisle,carlisle,127,130,793,E15000002,North West
E14000621,Carshalton and Wallington,Carshalton and Wallington,carshalton-and-wallington,131,133,798,E15000007,London
E14000622,Castle Point,Castle Point,castle-point,132,134,799,E15000006,Eastern
E14000623,Central Devon,Central Devon,central-devon,,188,1489,E15000009,South West
E14000624,Central Suffolk and North Ipswich,Central Suffolk and North Ipswich,central-suffolk-and-north-ipswich,553,547,802,E15000006,Eastern
E14000625,Charnwood,Charnwood,charnwood,134,136,805,E15000004,East Midlands
E14000626,Chatham and Aylesford,Chatham and Aylesford,chatham-and-aylesford,135,137,806,E15000008,South East
E14000627,Cheadle,Cheadle,cheadle,136,138,807,E15000002,North West
E14000628,Chelmsford,Chelmsford,chelmsford,,139,808,E15000006,Eastern
E14000629,Chelsea and Fulham,Chelsea and Fulham,chelsea-and-fulham,,140,1483,E15000007,London
E14000630,Cheltenham,Cheltenham,cheltenham,138,141,811,E15000009,South West
E14000631,Chesham and Amersham,Chesham and Amersham,chesham-and-amersham,139,142,813,E15000008,South East
E14000632,Chesterfield,Chesterfield,chesterfield,141,144,814,E15000004,East Midlands
E14000633,Chichester,Chichester,chichester,142,145,815,E15000008,South East
E14000634,Chingford and Woodford Green,Chingford and Woodford Green,chingford-and-woodford-green,143,146,817,E15000007,London
E14000635,Chippenham,Chippenham,chippenham,,147,1484,E15000009,South West
E14000636,Chipping Barnet,Chipping Barnet,chipping-barnet,144,148,818,E15000007,London
E14000637,Chorley,Chorley,chorley,145,149,820,E15000002,North West
E14000638,Christchurch,Christchurch,christchurch,146,150,821,E15000009,South West
E14000639,Cities of London and Westminster,Cities of London and Westminster,cities-of-london-and-westminster,147,151,823,E15000007,London
E14000640,City of Chester,City of Chester,city-of-chester,140,143,824,E15000002,North West
E14000641,City of Durham,City of Durham,city-of-durham,214,214,825,E15000001,North East
E14000642,Clacton,Clacton,clacton,,152,1485,E15000006,Eastern
E14000643,Cleethorpes,Cleethorpes,cleethorpes,148,153,829,E15000003,Yorkshire and The Humber
E14000644,Colchester,Colchester,colchester,154,157,837,E15000006,Eastern
E14000645,Colne Valley,Colne Valley,colne-valley,155,158,840,E15000003,Yorkshire and The Humber
E14000646,Congleton,Congleton,congleton,156,159,841,E15000002,North West
E14000647,Copeland,Copeland,copeland,158,160,843,E15000002,North West
E14000648,Corby,Corby,corby,159,161,844,E15000004,East Midlands
E14000649,Coventry North East,Coventry North East,coventry-north-east,163,165,846,E15000005,West Midlands
E14000650,Coventry North West,Coventry North West,coventry-north-west,164,166,847,E15000005,West Midlands
E14000651,Coventry South,Coventry South,coventry-south,165,167,848,E15000005,West Midlands
E14000652,Crawley,Crawley,crawley,166,168,851,E15000008,South East
E14000653,Crewe and Nantwich,Crewe and Nantwich,crewe-and-nantwich,167,169,852,E15000002,North West
E14000654,Croydon Central,Croydon Central,croydon-central,169,170,854,E15000007,London
E14000655,Croydon North,Croydon North,croydon-north,170,171,855,E15000007,London
E14000656,Croydon South,Croydon South,croydon-south,171,172,858,E15000007,London
E14000657,Dagenham and Rainham,Dagenham and Rainham,dagenham-and-rainham,,175,1486,E15000007,London
E14000658,Darlington,Darlington,darlington,177,176,864,E15000001,North East
E14000659,Dartford,Dartford,dartford,178,177,865,E15000008,South East
E14000660,Daventry,Daventry,daventry,179,178,866,E15000004,East Midlands
E14000661,Denton and Reddish,Denton and Reddish,denton-and-reddish,181,180,869,E15000002,North West
E14000662,Derby North,Derby North,derby-north,182,181,870,E15000004,East Midlands
E14000663,Derby South,Derby South,derby-south,183,182,871,E15000004,East Midlands
E14000664,Derbyshire Dales,Derbyshire Dales,derbyshire-dales,,183,1487,E15000004,East Midlands
E14000665,Devizes,Devizes,devizes,187,187,872,E15000009,South West
E14000666,Dewsbury,Dewsbury,dewsbury,192,193,873,E15000003,Yorkshire and The Humber
E14000667,Don Valley,Don Valley,don-valley,193,194,874,E15000003,Yorkshire and The Humber
E14000668,Doncaster Central,Doncaster Central,doncaster-central,194,195,875,E15000003,Yorkshire and The Humber
E14000669,Doncaster North,Doncaster North,doncaster-north,195,196,876,E15000003,Yorkshire and The Humber
E14000670,Dover,Dover,dover,200,201,877,E15000008,South East
E14000671,Dudley North,Dudley North,dudley-north,203,204,879,E15000005,West Midlands
E14000672,Dudley South,Dudley South,dudley-south,204,205,880,E15000005,West Midlands
E14000673,Dulwich and West Norwood,Dulwich and West Norwood,dulwich-and-west-norwood,205,206,883,E15000007,London
E14000674,Ealing Central and Acton,Ealing Central and Acton,ealing-central-and-acton,,218,1491,E15000007,London
E14000675,Ealing North,Ealing North,ealing-north,216,219,894,E15000007,London
E14000676,"Ealing, Southall","Ealing, Southall",ealing-southall,217,220,895,E15000007,London
E14000677,Easington,Easington,easington,218,221,897,E15000001,North East
E14000678,East Devon,East Devon,east-devon,188,189,900,E15000009,South West
E14000679,East Ham,East Ham,east-ham,219,222,901,E15000007,London
E14000680,East Hampshire,East Hampshire,east-hampshire,295,287,902,E15000008,South East
E14000681,East Surrey,East Surrey,east-surrey,559,552,906,E15000008,South East
E14000682,East Worthing and Shoreham,East Worthing and Shoreham,east-worthing-and-shoreham,649,638,907,E15000008,South East
E14000683,East Yorkshire,East Yorkshire,east-yorkshire,659,650,1465,E15000003,Yorkshire and The Humber
E14000684,Eastbourne,Eastbourne,eastbourne,222,225,908,E15000008,South East
E14000685,Eastleigh,Eastleigh,eastleigh,223,226,909,E15000008,South East
E14000686,Eddisbury,Eddisbury,eddisbury,226,227,912,E15000002,North West
E14000687,Edmonton,Edmonton,edmonton,233,233,921,E15000007,London
E14000688,Ellesmere Port and Neston,Ellesmere Port and Neston,ellesmere-port-and-neston,234,234,922,E15000002,North West
E14000689,Elmet and Rothwell,Elmet and Rothwell,elmet-and-rothwell,,235,1492,E15000003,Yorkshire and The Humber
E14000690,Eltham,Eltham,eltham,236,236,924,E15000007,London
E14000691,Enfield North,Enfield North,enfield-north,237,237,925,E15000007,London
E14000692,"Enfield, Southgate","Enfield, Southgate",enfield-southgate,238,238,926,E15000007,London
E14000693,Epping Forest,Epping Forest,epping-forest,239,239,927,E15000006,Eastern
E14000694,Epsom and Ewell,Epsom and Ewell,epsom-and-ewell,240,240,928,E15000008,South East
E14000695,Erewash,Erewash,erewash,241,241,929,E15000004,East Midlands
E14000696,Erith and Thamesmead,Erith and Thamesmead,erith-and-thamesmead,242,242,931,E15000007,London
E14000697,Esher and Walton,Esher and Walton,esher-and-walton,243,243,933,E15000008,South East
E14000698,Exeter,Exeter,exeter,245,244,934,E15000009,South West
E14000699,Fareham,Fareham,fareham,249,246,938,E15000008,South East
E14000700,Faversham and Mid Kent,Faversham and Mid Kent,faversham-and-mid-kent,250,247,940,E15000008,South East
E14000701,Feltham and Heston,Feltham and Heston,feltham-and-heston,251,248,941,E15000007,London
E14000702,Filton and Bradley Stoke,Filton and Bradley Stoke,filton-and-bradley-stoke,,251,1493,E15000009,South West
E14000703,Finchley and Golders Green,Finchley and Golders Green,finchley-and-golders-green,255,252,944,E15000007,London
E14000704,Folkestone and Hythe,Folkestone and Hythe,folkestone-and-hythe,256,253,945,E15000008,South East
E14000705,Forest of Dean,Forest of Dean,forest-of-dean,257,254,946,E15000009,South West
E14000706,Fylde,Fylde,fylde,259,256,949,E15000002,North West
E14000707,Gainsborough,Gainsborough,gainsborough,260,257,950,E15000004,East Midlands
E14000708,Garston and Halewood,Garston and Halewood,garston-and-halewood,,258,1494,E15000002,North West
E14000709,Gateshead,Gateshead,gateshead,,259,1495,E15000001,North East
E14000710,Gedling,Gedling,gedling,263,260,955,E15000004,East Midlands
E14000711,Gillingham and Rainham,Gillingham and Rainham,gillingham-and-rainham,,261,1496,E15000008,South East
E14000712,Gloucester,Gloucester,gloucester,275,270,972,E15000009,South West
E14000713,Gosport,Gosport,gosport,277,272,974,E15000008,South East
E14000714,Grantham and Stamford,Grantham and Stamford,grantham-and-stamford,279,274,977,E15000004,East Midlands
E14000715,Gravesham,Gravesham,gravesham,280,275,978,E15000008,South East
E14000716,Great Grimsby,Great Grimsby,great-grimsby,281,276,979,E15000003,Yorkshire and The Humber
E14000717,Great Yarmouth,Great Yarmouth,great-yarmouth,282,277,980,E15000006,Eastern
E14000718,Greenwich and Woolwich,Greenwich and Woolwich,greenwich-and-woolwich,284,278,984,E15000007,London
E14000719,Guildford,Guildford,guildford,285,279,985,E15000008,South East
E14000720,Hackney North and Stoke Newington,Hackney North and Stoke Newington,hackney-north-and-stoke-newington,286,280,986,E15000007,London
E14000721,Hackney South and Shoreditch,Hackney South and Shoreditch,hackney-south-and-shoreditch,287,281,987,E15000007,London
E14000722,Halesowen and Rowley Regis,Halesowen and Rowley Regis,halesowen-and-rowley-regis,288,282,988,E15000005,West Midlands
E14000723,Halifax,Halifax,halifax,289,283,990,E15000003,Yorkshire and The Humber
E14000724,Haltemprice and Howden,Haltemprice and Howden,haltemprice-and-howden,290,284,991,E15000003,Yorkshire and The Humber
E14000725,Halton,Halton,halton,291,285,992,E15000002,North West
E14000726,Hammersmith,Hammersmith,hammersmith,,286,996,E15000007,London
E14000727,Hampstead and Kilburn,Hampstead and Kilburn,hampstead-and-kilburn,,290,1497,E15000007,London
E14000728,Harborough,Harborough,harborough,299,291,999,E15000004,East Midlands
E14000729,Harlow,Harlow,harlow,300,292,1000,E15000006,Eastern
E14000730,Harrogate and Knaresborough,Harrogate and Knaresborough,harrogate-and-knaresborough,301,293,1002,E15000003,Yorkshire and The Humber
E14000731,Harrow East,Harrow East,harrow-east,302,294,1003,E15000007,London
E14000732,Harrow West,Harrow West,harrow-west,303,295,1004,E15000007,London
E14000733,Hartlepool,Hartlepool,hartlepool,304,296,1005,E15000001,North East
E14000734,Harwich and North Essex,Harwich and North Essex,harwich-and-north-essex,,297,1498,E15000006,Eastern
E14000735,Hastings and Rye,Hastings and Rye,hastings-and-rye,306,298,1007,E15000008,South East
E14000736,Havant,Havant,havant,307,299,1008,E15000008,South East
E14000737,Hayes and Harlington,Hayes and Harlington,hayes-and-harlington,308,300,1009,E15000007,London
E14000738,Hazel Grove,Hazel Grove,hazel-grove,309,301,1010,E15000002,North West
E14000739,Hemel Hempstead,Hemel Hempstead,hemel-hempstead,310,302,1011,E15000006,Eastern
E14000740,Hemsworth,Hemsworth,hemsworth,311,303,1012,E15000003,Yorkshire and The Humber
E14000741,Hendon,Hendon,hendon,312,304,1013,E15000007,London
E14000742,Henley,Henley,henley,313,305,1016,E15000008,South East
E14000743,Hereford and South Herefordshire,Hereford and South Herefordshire,hereford-and-south-herefordshire,,306,1499,E15000005,West Midlands
E14000744,Hertford and Stortford,Hertford and Stortford,hertford-and-stortford,315,308,1018,E15000006,Eastern
E14000745,Hertsmere,Hertsmere,hertsmere,318,311,1019,E15000006,Eastern
E14000746,Hexham,Hexham,hexham,319,312,1020,E15000001,North East
E14000747,Heywood and Middleton,Heywood and Middleton,heywood-and-middleton,320,313,1021,E15000002,North West
E14000748,High Peak,High Peak,high-peak,321,314,1022,E15000004,East Midlands
E14000749,Hitchin and Harpenden,Hitchin and Harpenden,hitchin-and-harpenden,322,315,1023,E15000006,Eastern
E14000750,Holborn and St Pancras,Holborn and St Pancras,holborn-and-st-pancras,323,316,1024,E15000007,London
E14000751,Hornchurch and Upminster,Hornchurch and Upminster,hornchurch-and-upminster,,317,1501,E15000007,London
E14000752,Hornsey and Wood Green,Hornsey and Wood Green,hornsey-and-wood-green,325,318,1028,E15000007,London
E14000753,Horsham,Horsham,horsham,326,319,1029,E15000008,South East
E14000754,Houghton and Sunderland South,Houghton and Sunderland South,houghton-and-sunderland-south,,320,1502,E15000001,North East
E14000755,Hove,Hove,hove,328,321,1032,E15000008,South East
E14000756,Huddersfield,Huddersfield,huddersfield,329,322,1033,E15000003,Yorkshire and The Humber
E14000757,Huntingdon,Huntingdon,huntingdon,333,326,1038,E15000006,Eastern
E14000758,Hyndburn,Hyndburn,hyndburn,334,327,1039,E15000002,North West
E14000759,Ilford North,Ilford North,ilford-north,335,328,1040,E15000007,London
E14000760,Ilford South,Ilford South,ilford-south,336,329,1041,E15000007,London
E14000761,Ipswich,Ipswich,ipswich,338,332,1044,E15000006,Eastern
E14000762,Isle of Wight,Isle of Wight,isle-of-wight,339,333,1045,E15000008,South East
E14000763,Islington North,Islington North,islington-north,340,334,1046,E15000007,London
E14000764,Islington South and Finsbury,Islington South and Finsbury,islington-south-and-finsbury,341,335,1047,E15000007,London
E14000765,Jarrow,Jarrow,jarrow,343,337,1049,E15000001,North East
E14000766,Keighley,Keighley,keighley,344,338,1050,E15000003,Yorkshire and The Humber
E14000767,Kenilworth and Southam,Kenilworth and Southam,kenilworth-and-southam,,339,1503,E15000005,West Midlands
E14000768,Kensington,Kensington,kensington,,340,1051,E15000007,London
E14000769,Kettering,Kettering,kettering,346,341,1053,E15000004,East Midlands
E14000770,Kingston and Surbiton,Kingston and Surbiton,kingston-and-surbiton,348,343,1056,E15000007,London
E14000771,Kingston upon Hull East,Kingston upon Hull East,kingston-upon-hull-east,330,323,1034,E15000003,Yorkshire and The Humber
E14000772,Kingston upon Hull North,Kingston upon Hull North,kingston-upon-hull-north,331,324,1035,E15000003,Yorkshire and The Humber
E14000773,Kingston upon Hull West and Hessle,Kingston upon Hull West and Hessle,kingston-upon-hull-west-and-hessle,332,325,1037,E15000003,Yorkshire and The Humber
E14000774,Kingswood,Kingswood,kingswood,349,344,1058,E15000009,South West
E14000775,Knowsley,Knowsley,knowsley,,346,1504,E15000002,North West
E14000776,Lancaster and Fleetwood,Lancaster and Fleetwood,lancaster-and-fleetwood,,350,1505,E15000002,North West
E14000777,Leeds Central,Leeds Central,leeds-central,356,351,1067,E15000003,Yorkshire and The Humber
E14000778,Leeds East,Leeds East,leeds-east,357,352,1068,E15000003,Yorkshire and The Humber
E14000779,Leeds North East,Leeds North East,leeds-north-east,358,353,1069,E15000003,Yorkshire and The Humber
E14000780,Leeds North West,Leeds North West,leeds-north-west,359,354,1070,E15000003,Yorkshire and The Humber
E14000781,Leeds West,Leeds West,leeds-west,360,355,1072,E15000003,Yorkshire and The Humber
E14000782,Leicester East,Leicester East,leicester-east,361,356,1073,E15000004,East Midlands
E14000783,Leicester South,Leicester South,leicester-south,362,357,1074,E15000004,East Midlands
E14000784,Leicester West,Leicester West,leicester-west,363,358,1075,E15000004,East Midlands
E14000785,Leigh,Leigh,leigh,365,361,1076,E15000002,North West
E14000786,Lewes,Lewes,lewes,367,362,1078,E15000008,South East
E14000787,Lewisham East,Lewisham East,lewisham-east,369,364,1080,E15000007,London
E14000788,Lewisham West and Penge,Lewisham West and Penge,lewisham-west-and-penge,,365,1507,E15000007,London
E14000789,"Lewisham, Deptford","Lewisham, Deptford",lewisham-deptford,368,363,1082,E15000007,London
E14000790,Leyton and Wanstead,Leyton and Wanstead,leyton-and-wanstead,371,366,1084,E15000007,London
E14000791,Lichfield,Lichfield,lichfield,372,367,1085,E15000005,West Midlands
E14000792,Lincoln,Lincoln,lincoln,373,368,1086,E15000004,East Midlands
E14000793,"Liverpool, Riverside","Liverpool, Riverside",liverpool-riverside,376,370,1093,E15000002,North West
E14000794,"Liverpool, Walton","Liverpool, Walton",liverpool-walton,377,371,1094,E15000002,North West
E14000795,"Liverpool, Wavertree","Liverpool, Wavertree",liverpool-wavertree,378,372,1095,E15000002,North West
E14000796,"Liverpool, West Derby","Liverpool, West Derby",liverpool-west-derby,379,373,1096,E15000002,North West
E14000797,Loughborough,Loughborough,loughborough,383,377,1099,E15000004,East Midlands
E14000798,Louth and Horncastle,Louth and Horncastle,louth-and-horncastle,384,378,1100,E15000004,East Midlands
E14000799,Ludlow,Ludlow,ludlow,385,379,1101,E15000005,West Midlands
E14000800,Luton North,Luton North,luton-north,386,380,1102,E15000006,Eastern
E14000801,Luton South,Luton South,luton-south,387,381,1103,E15000006,Eastern
E14000802,Macclesfield,Macclesfield,macclesfield,388,382,1104,E15000002,North West
E14000803,Maidenhead,Maidenhead,maidenhead,389,383,1105,E15000008,South East
E14000804,Maidstone and The Weald,Maidstone and The Weald,maidstone-and-the-weald,390,384,1107,E15000008,South East
E14000805,Makerfield,Makerfield,makerfield,391,385,1108,E15000002,North West
E14000806,Maldon,Maldon,maldon,,386,1508,E15000006,Eastern
E14000807,Manchester Central,Manchester Central,manchester-central,394,387,1111,E15000002,North West
E14000808,"Manchester, Gorton","Manchester, Gorton",manchester-gorton,395,388,1112,E15000002,North West
E14000809,"Manchester, Withington","Manchester, Withington",manchester-withington,396,389,1113,E15000002,North West
E14000810,Mansfield,Mansfield,mansfield,397,390,1115,E15000004,East Midlands
E14000811,Meon Valley,Meon Valley,meon-valley,,391,1509,E15000008,South East
E14000812,Meriden,Meriden,meriden,400,392,1118,E15000005,West Midlands
E14000813,Mid Bedfordshire,Mid Bedfordshire,mid-bedfordshire,39,42,1120,E15000006,Eastern
E14000814,Mid Derbyshire,Mid Derbyshire,mid-derbyshire,,184,1488,E15000004,East Midlands
E14000815,Mid Dorset and North Poole,Mid Dorset and North Poole,mid-dorset-and-north-poole,196,197,1121,E15000009,South West
E14000816,Mid Norfolk,Mid Norfolk,mid-norfolk,427,421,1123,E15000006,Eastern
E14000817,Mid Sussex,Mid Sussex,mid-sussex,562,555,1125,E15000008,South East
E14000818,Mid Worcestershire,Mid Worcestershire,mid-worcestershire,645,634,1127,E15000005,West Midlands
E14000819,Middlesbrough,Middlesbrough,middlesbrough,402,394,1128,E15000001,North East
E14000820,Middlesbrough South and East Cleveland,Middlesbrough South and East Cleveland,middlesbrough-south-and-east-cleveland,403,395,1129,E15000001,North East
E14000821,Milton Keynes North,Milton Keynes North,milton-keynes-north,,397,1510,E15000008,South East
E14000822,Milton Keynes South,Milton Keynes South,milton-keynes-south,,398,1511,E15000008,South East
E14000823,Mitcham and Morden,Mitcham and Morden,mitcham-and-morden,407,399,1133,E15000007,London
E14000824,Mole Valley,Mole Valley,mole-valley,408,400,1134,E15000008,South East
E14000825,Morecambe and Lunesdale,Morecambe and Lunesdale,morecambe-and-lunesdale,412,404,1141,E15000002,North West
E14000826,Morley and Outwood,Morley and Outwood,morley-and-outwood,,405,1512,E15000003,Yorkshire and The Humber
E14000827,New Forest East,New Forest East,new-forest-east,416,409,1148,E15000008,South East
E14000828,New Forest West,New Forest West,new-forest-west,417,410,1149,E15000008,South East
E14000829,Newark,Newark,newark,418,411,1150,E15000004,East Midlands
E14000830,Newbury,Newbury,newbury,419,412,1151,E15000008,South East
E14000831,Newcastle upon Tyne Central,Newcastle upon Tyne Central,newcastle-upon-tyne-central,421,414,1152,E15000001,North East
E14000832,Newcastle upon Tyne East,Newcastle upon Tyne East,newcastle-upon-tyne-east,,415,1153,E15000001,North East
E14000833,Newcastle upon Tyne North,Newcastle upon Tyne North,newcastle-upon-tyne-north,423,416,1155,E15000001,North East
E14000834,Newcastle-under-Lyme,Newcastle-under-Lyme,newcastle-under-lyme,420,413,1156,E15000005,West Midlands
E14000835,Newton Abbot,Newton Abbot,newton-abbot,,420,1513,E15000009,South West
E14000836,"Normanton, Pontefract and Castleford","Normanton, Pontefract and Castleford",normanton-pontefract-and-castleford,,426,1514,E15000003,Yorkshire and The Humber
E14000837,North Cornwall,North Cornwall,north-cornwall,160,162,1166,E15000009,South West
E14000838,North Devon,North Devon,north-devon,189,190,1167,E15000009,South West
E14000839,North Dorset,North Dorset,north-dorset,197,198,1168,E15000009,South West
E14000840,North Durham,North Durham,north-durham,212,215,890,E15000001,North East
E14000841,North East Bedfordshire,North East Bedfordshire,north-east-bedfordshire,40,43,1170,E15000006,Eastern
E14000842,North East Cambridgeshire,North East Cambridgeshire,north-east-cambridgeshire,117,120,1171,E15000006,Eastern
E14000843,North East Derbyshire,North East Derbyshire,north-east-derbyshire,184,185,1172,E15000004,East Midlands
E14000844,North East Hampshire,North East Hampshire,north-east-hampshire,296,288,1174,E15000008,South East
E14000845,North East Hertfordshire,North East Hertfordshire,north-east-hertfordshire,316,309,1175,E15000006,Eastern
E14000846,North East Somerset,North East Somerset,north-east-somerset,,518,1531,E15000009,South West
E14000847,North Herefordshire,North Herefordshire,north-herefordshire,,307,1500,E15000005,West Midlands
E14000848,North Norfolk,North Norfolk,north-norfolk,428,422,1178,E15000006,Eastern
E14000849,North Shropshire,North Shropshire,north-shropshire,518,511,1179,E15000005,West Midlands
E14000850,North Somerset,North Somerset,north-somerset,,517,1530,E15000009,South West
E14000851,North Swindon,North Swindon,north-swindon,567,560,1181,E15000009,South West
E14000852,North Thanet,North Thanet,north-thanet,576,567,1183,E15000008,South East
E14000853,North Tyneside,North Tyneside,north-tyneside,592,583,1184,E15000001,North East
E14000854,North Warwickshire,North Warwickshire,north-warwickshire,614,602,1185,E15000005,West Midlands
E14000855,North West Cambridgeshire,North West Cambridgeshire,north-west-cambridgeshire,118,121,1186,E15000006,Eastern
E14000856,North West Durham,North West Durham,north-west-durham,213,216,891,E15000001,North East
E14000857,North West Hampshire,North West Hampshire,north-west-hampshire,297,289,1187,E15000008,South East
E14000858,North West Leicestershire,North West Leicestershire,north-west-leicestershire,364,359,1188,E15000004,East Midlands
E14000859,North West Norfolk,North West Norfolk,north-west-norfolk,429,423,1189,E15000006,Eastern
E14000860,North Wiltshire,North Wiltshire,north-wiltshire,631,619,1191,E15000009,South West
E14000861,Northampton North,Northampton North,northampton-north,433,427,1192,E15000004,East Midlands
E14000862,Northampton South,Northampton South,northampton-south,434,428,1193,E15000004,East Midlands
E14000863,Norwich North,Norwich North,norwich-north,436,430,1195,E15000006,Eastern
E14000864,Norwich South,Norwich South,norwich-south,437,431,1196,E15000006,Eastern
E14000865,Nottingham East,Nottingham East,nottingham-east,438,432,1198,E15000004,East Midlands
E14000866,Nottingham North,Nottingham North,nottingham-north,439,433,1199,E15000004,East Midlands
E14000867,Nottingham South,Nottingham South,nottingham-south,440,434,1200,E15000004,East Midlands
E14000868,Nuneaton,Nuneaton,nuneaton,441,435,1201,E15000005,West Midlands
E14000869,Old Bexley and Sidcup,Old Bexley and Sidcup,old-bexley-and-sidcup,444,438,1204,E15000007,London
E14000870,Oldham East and Saddleworth,Oldham East and Saddleworth,oldham-east-and-saddleworth,445,439,1206,E15000002,North West
E14000871,Oldham West and Royton,Oldham West and Royton,oldham-west-and-royton,446,440,1208,E15000002,North West
E14000872,Orpington,Orpington,orpington,448,442,1210,E15000007,London
E14000873,Oxford East,Oxford East,oxford-east,449,443,1211,E15000008,South East
E14000874,Oxford West and Abingdon,Oxford West and Abingdon,oxford-west-and-abingdon,450,444,1212,E15000008,South East
E14000875,Pendle,Pendle,pendle,453,447,1217,E15000002,North West
E14000876,Penistone and Stocksbridge,Penistone and Stocksbridge,penistone-and-stocksbridge,,448,1516,E15000003,Yorkshire and The Humber
E14000877,Penrith and The Border,Penrith and The Border,penrith-and-the-border,454,449,1218,E15000002,North West
E14000878,Peterborough,Peterborough,peterborough,456,451,1221,E15000006,Eastern
E14000879,"Plymouth, Moor View","Plymouth, Moor View",plymouth-moor-view,,452,1517,E15000009,South West
E14000880,"Plymouth, Sutton and Devonport","Plymouth, Sutton and Devonport",plymouth-sutton-and-devonport,,453,1518,E15000009,South West
E14000881,Poole,Poole,poole,461,455,1227,E15000009,South West
E14000882,Poplar and Limehouse,Poplar and Limehouse,poplar-and-limehouse,,456,1519,E15000007,London
E14000883,Portsmouth North,Portsmouth North,portsmouth-north,463,457,1229,E15000008,South East
E14000884,Portsmouth South,Portsmouth South,portsmouth-south,464,458,1230,E15000008,South East
E14000885,Preston,Preston,preston,466,460,1232,E15000002,North West
E14000886,Pudsey,Pudsey,pudsey,467,461,1233,E15000003,Yorkshire and The Humber
E14000887,Putney,Putney,putney,468,462,1234,E15000007,London
E14000888,Rayleigh and Wickford,Rayleigh and Wickford,rayleigh-and-wickford,,463,1520,E15000006,Eastern
E14000889,Reading East,Reading East,reading-east,470,464,1237,E15000008,South East
E14000890,Reading West,Reading West,reading-west,471,465,1238,E15000008,South East
E14000891,Redcar,Redcar,redcar,472,466,1239,E15000001,North East
E14000892,Redditch,Redditch,redditch,473,467,1240,E15000005,West Midlands
E14000893,Reigate,Reigate,reigate,475,468,1242,E15000008,South East
E14000894,Ribble Valley,Ribble Valley,ribble-valley,479,471,1244,E15000002,North West
E14000895,Richmond (Yorks),Richmond (Yorks),richmond-yorks,480,472,1245,E15000003,Yorkshire and The Humber
E14000896,Richmond Park,Richmond Park,richmond-park,481,473,1246,E15000007,London
E14000897,Rochdale,Rochdale,rochdale,482,474,1249,E15000002,North West
E14000898,Rochester and Strood,Rochester and Strood,rochester-and-strood,,475,1521,E15000008,South East
E14000899,Rochford and Southend East,Rochford and Southend East,rochford-and-southend-east,483,476,1251,E15000006,Eastern
E14000900,Romford,Romford,romford,484,477,1252,E15000007,London
E14000901,Romsey and Southampton North,Romsey and Southampton North,romsey-and-southampton-north,,478,1522,E15000008,South East
E14000902,Rossendale and Darwen,Rossendale and Darwen,rossendale-and-darwen,487,480,1257,E15000002,North West
E14000903,Rother Valley,Rother Valley,rother-valley,488,481,1258,E15000003,Yorkshire and The Humber
E14000904,Rotherham,Rotherham,rotherham,489,482,1259,E15000003,Yorkshire and The Humber
E14000905,Rugby,Rugby,rugby,,483,1523,E15000005,West Midlands
E14000906,"Ruislip, Northwood and Pinner","Ruislip, Northwood and Pinner",ruislip-northwood-and-pinner,,484,1524,E15000007,London
E14000907,Runnymede and Weybridge,Runnymede and Weybridge,runnymede-and-weybridge,493,485,1263,E15000008,South East
E14000908,Rushcliffe,Rushcliffe,rushcliffe,494,486,1264,E15000004,East Midlands
E14000909,Rutland and Melton,Rutland and Melton,rutland-and-melton,495,488,1265,E15000004,East Midlands
E14000910,Saffron Walden,Saffron Walden,saffron-walden,497,489,1267,E15000006,Eastern
E14000911,Salford and Eccles,Salford and Eccles,salford-and-eccles,,495,1525,E15000002,North West
E14000912,Salisbury,Salisbury,salisbury,503,496,1270,E15000009,South West
E14000913,Scarborough and Whitby,Scarborough and Whitby,scarborough-and-whitby,504,497,1272,E15000003,Yorkshire and The Humber
E14000914,Scunthorpe,Scunthorpe,scunthorpe,505,498,1273,E15000003,Yorkshire and The Humber
E14000915,Sedgefield,Sedgefield,sedgefield,506,499,1274,E15000001,North East
E14000916,Sefton Central,Sefton Central,sefton-central,,500,1526,E15000002,North West
E14000917,Selby and Ainsty,Selby and Ainsty,selby-and-ainsty,,501,1527,E15000003,Yorkshire and The Humber
E14000918,Sevenoaks,Sevenoaks,sevenoaks,508,502,1276,E15000008,South East
E14000919,Sheffield Central,Sheffield Central,sheffield-central,511,504,1279,E15000003,Yorkshire and The Humber
E14000920,Sheffield South East,Sheffield South East,sheffield-south-east,,507,1529,E15000003,Yorkshire and The Humber
E14000921,"Sheffield, Brightside and Hillsborough","Sheffield, Brightside and Hillsborough",sheffield-brightside-and-hillsborough,,503,1528,E15000003,Yorkshire and The Humber
E14000922,"Sheffield, Hallam","Sheffield, Hallam",sheffield-hallam,512,505,1280,E15000003,Yorkshire and The Humber
E14000923,"Sheffield, Heeley","Sheffield, Heeley",sheffield-heeley,513,506,1281,E15000003,Yorkshire and The Humber
E14000924,Sherwood,Sherwood,sherwood,515,508,1283,E15000004,East Midlands
E14000925,Shipley,Shipley,shipley,516,509,1284,E15000003,Yorkshire and The Humber
E14000926,Shrewsbury and Atcham,Shrewsbury and Atcham,shrewsbury-and-atcham,517,510,1286,E15000005,West Midlands
E14000927,Sittingbourne and Sheppey,Sittingbourne and Sheppey,sittingbourne-and-sheppey,519,512,1287,E15000008,South East
E14000928,Skipton and Ripon,Skipton and Ripon,skipton-and-ripon,520,513,1288,E15000003,Yorkshire and The Humber
E14000929,Sleaford and North Hykeham,Sleaford and North Hykeham,sleaford-and-north-hykeham,521,514,1289,E15000004,East Midlands
E14000930,Slough,Slough,slough,522,515,1290,E15000008,South East
E14000931,Solihull,Solihull,solihull,523,516,1291,E15000005,West Midlands
E14000932,Somerton and Frome,Somerton and Frome,somerton-and-frome,524,519,1292,E15000009,South West
E14000933,South Basildon and East Thurrock,South Basildon and East Thurrock,south-basildon-and-east-thurrock,,33,1473,E15000006,Eastern
E14000934,South Cambridgeshire,South Cambridgeshire,south-cambridgeshire,119,122,1294,E15000006,Eastern
E14000935,South Derbyshire,South Derbyshire,south-derbyshire,185,186,1295,E15000004,East Midlands
E14000936,South Dorset,South Dorset,south-dorset,198,199,1296,E15000009,South West
E14000937,South East Cambridgeshire,South East Cambridgeshire,south-east-cambridgeshire,120,123,1298,E15000006,Eastern
E14000938,South East Cornwall,South East Cornwall,south-east-cornwall,161,163,1299,E15000009,South West
E14000939,South Holland and The Deepings,South Holland and The Deepings,south-holland-and-the-deepings,525,520,1302,E15000004,East Midlands
E14000940,South Leicestershire,South Leicestershire,south-leicestershire,,360,1506,E15000004,East Midlands
E14000941,South Norfolk,South Norfolk,south-norfolk,430,424,1303,E15000006,Eastern
E14000942,South Northamptonshire,South Northamptonshire,south-northamptonshire,,429,1515,E15000004,East Midlands
E14000943,South Ribble,South Ribble,south-ribble,478,521,1304,E15000002,North West
E14000944,South Shields,South Shields,south-shields,526,522,1305,E15000001,North East
E14000945,South Staffordshire,South Staffordshire,south-staffordshire,535,530,1306,E15000005,West Midlands
E14000946,South Suffolk,South Suffolk,south-suffolk,555,549,1307,E15000006,Eastern
E14000947,South Swindon,South Swindon,south-swindon,568,561,1308,E15000009,South West
E14000948,South Thanet,South Thanet,south-thanet,577,568,1309,E15000008,South East
E14000949,South West Bedfordshire,South West Bedfordshire,south-west-bedfordshire,41,44,1310,E15000006,Eastern
E14000950,South West Devon,South West Devon,south-west-devon,190,191,1312,E15000009,South West
E14000951,South West Hertfordshire,South West Hertfordshire,south-west-hertfordshire,317,310,1313,E15000006,Eastern
E14000952,South West Norfolk,South West Norfolk,south-west-norfolk,431,425,1314,E15000006,Eastern
E14000953,South West Surrey,South West Surrey,south-west-surrey,561,554,1315,E15000008,South East
E14000954,South West Wiltshire,South West Wiltshire,south-west-wiltshire,,620,1542,E15000009,South West
E14000955,"Southampton, Itchen","Southampton, Itchen",southampton-itchen,527,523,1317,E15000008,South East
E14000956,"Southampton, Test","Southampton, Test",southampton-test,528,524,1318,E15000008,South East
E14000957,Southend West,Southend West,southend-west,529,525,1320,E15000006,Eastern
E14000958,Southport,Southport,southport,530,526,1321,E15000002,North West
E14000959,Spelthorne,Spelthorne,spelthorne,532,527,1323,E15000008,South East
E14000960,St Albans,St Albans,st-albans,498,490,1324,E15000006,Eastern
E14000961,St Austell and Newquay,St Austell and Newquay,st-austell-and-newquay,,491,1532,E15000009,South West
E14000962,St Helens North,St Helens North,st-helens-north,499,492,1325,E15000002,North West
E14000963,St Helens South and Whiston,St Helens South and Whiston,st-helens-south-and-whiston,,493,1533,E15000002,North West
E14000964,St Ives,St Ives,st-ives,501,494,1327,E15000009,South West
E14000965,Stafford,Stafford,stafford,533,528,1328,E15000005,West Midlands
E14000966,Staffordshire Moorlands,Staffordshire Moorlands,staffordshire-moorlands,534,529,1329,E15000005,West Midlands
E14000967,Stalybridge and Hyde,Stalybridge and Hyde,stalybridge-and-hyde,536,531,1330,E15000002,North West
E14000968,Stevenage,Stevenage,stevenage,537,532,1332,E15000006,Eastern
E14000969,Stockport,Stockport,stockport,539,534,1334,E15000002,North West
E14000970,Stockton North,Stockton North,stockton-north,540,535,1335,E15000001,North East
E14000971,Stockton South,Stockton South,stockton-south,541,536,1336,E15000001,North East
E14000972,Stoke-on-Trent Central,Stoke-on-Trent Central,stoke-on-trent-central,542,537,1337,E15000005,West Midlands
E14000973,Stoke-on-Trent North,Stoke-on-Trent North,stoke-on-trent-north,543,538,1338,E15000005,West Midlands
E14000974,Stoke-on-Trent South,Stoke-on-Trent South,stoke-on-trent-south,544,539,1339,E15000005,West Midlands
E14000975,Stone,Stone,stone,545,540,1340,E15000005,West Midlands
E14000976,Stourbridge,Stourbridge,stourbridge,546,541,1341,E15000005,West Midlands
E14000977,Stratford-on-Avon,Stratford-on-Avon,stratford-on-avon,548,543,1343,E15000005,West Midlands
E14000978,Streatham,Streatham,streatham,550,544,1345,E15000007,London
E14000979,Stretford and Urmston,Stretford and Urmston,stretford-and-urmston,551,545,1347,E15000002,North West
E14000980,Stroud,Stroud,stroud,552,546,1348,E15000009,South West
E14000981,Suffolk Coastal,Suffolk Coastal,suffolk-coastal,554,548,1349,E15000006,Eastern
E14000982,Sunderland Central,Sunderland Central,sunderland-central,,551,1534,E15000001,North East
E14000983,Surrey Heath,Surrey Heath,surrey-heath,560,553,1353,E15000008,South East
E14000984,Sutton and Cheam,Sutton and Cheam,sutton-and-cheam,563,556,1355,E15000007,London
E14000985,Sutton Coldfield,Sutton Coldfield,sutton-coldfield,564,557,1354,E15000005,West Midlands
E14000986,Tamworth,Tamworth,tamworth,569,562,1359,E15000005,West Midlands
E14000987,Tatton,Tatton,tatton,570,563,1360,E15000002,North West
E14000988,Taunton Deane,Taunton Deane,taunton-deane,,564,1535,E15000009,South West
E14000989,Telford,Telford,telford,574,565,1364,E15000005,West Midlands
E14000990,Tewkesbury,Tewkesbury,tewkesbury,575,566,1365,E15000009,South West
E14000991,The Cotswolds,The Cotswolds,the-cotswolds,,164,845,E15000009,South West
E14000992,The Wrekin,The Wrekin,the-wrekin,651,640,1368,E15000005,West Midlands
E14000993,Thirsk and Malton,Thirsk and Malton,thirsk-and-malton,,569,1536,E15000003,Yorkshire and The Humber
E14000994,Thornbury and Yate,Thornbury and Yate,thornbury-and-yate,,570,1537,E15000009,South West
E14000995,Thurrock,Thurrock,thurrock,578,571,1369,E15000006,Eastern
E14000996,Tiverton and Honiton,Tiverton and Honiton,tiverton-and-honiton,579,572,1371,E15000009,South West
E14000997,Tonbridge and Malling,Tonbridge and Malling,tonbridge-and-malling,580,573,1372,E15000008,South East
E14000998,Tooting,Tooting,tooting,581,574,1373,E15000007,London
E14000999,Torbay,Torbay,torbay,582,575,1374,E15000009,South West
E14001000,Torridge and West Devon,Torridge and West Devon,torridge-and-west-devon,191,192,1376,E15000009,South West
E14001001,Totnes,Totnes,totnes,584,577,1377,E15000009,South West
E14001002,Tottenham,Tottenham,tottenham,585,578,1378,E15000007,London
E14001003,Truro and Falmouth,Truro and Falmouth,truro-and-falmouth,,579,1538,E15000009,South West
E14001004,Tunbridge Wells,Tunbridge Wells,tunbridge-wells,587,580,1381,E15000008,South East
E14001005,Twickenham,Twickenham,twickenham,589,581,1383,E15000007,London
E14001006,Tynemouth,Tynemouth,tynemouth,591,582,1385,E15000001,North East
E14001007,Uxbridge and South Ruislip,Uxbridge and South Ruislip,uxbridge-and-south-ruislip,,587,1539,E15000007,London
E14001008,Vauxhall,Vauxhall,vauxhall,601,590,1392,E15000007,London
E14001009,Wakefield,Wakefield,wakefield,602,591,1393,E15000003,Yorkshire and The Humber
E14001010,Wallasey,Wallasey,wallasey,603,592,1394,E15000002,North West
E14001011,Walsall North,Walsall North,walsall-north,604,593,1396,E15000005,West Midlands
E14001012,Walsall South,Walsall South,walsall-south,605,594,1397,E15000005,West Midlands
E14001013,Walthamstow,Walthamstow,walthamstow,606,595,1398,E15000007,London
E14001014,Wansbeck,Wansbeck,wansbeck,607,596,1399,E15000001,North East
E14001015,Wantage,Wantage,wantage,609,597,1402,E15000008,South East
E14001016,Warley,Warley,warley,610,598,1403,E15000005,West Midlands
E14001017,Warrington North,Warrington North,warrington-north,611,599,1406,E15000002,North West
E14001018,Warrington South,Warrington South,warrington-south,612,600,1407,E15000002,North West
E14001019,Warwick and Leamington,Warwick and Leamington,warwick-and-leamington,613,601,1408,E15000005,West Midlands
E14001020,Washington and Sunderland West,Washington and Sunderland West,washington-and-sunderland-west,,603,1540,E15000001,North East
E14001021,Watford,Watford,watford,615,604,1409,E15000006,Eastern
E14001022,Waveney,Waveney,waveney,616,605,1410,E15000006,Eastern
E14001023,Wealden,Wealden,wealden,617,606,1411,E15000008,South East
E14001024,Weaver Vale,Weaver Vale,weaver-vale,618,607,1412,E15000002,North West
E14001025,Wellingborough,Wellingborough,wellingborough,619,608,1413,E15000004,East Midlands
E14001026,Wells,Wells,wells,620,609,1414,E15000009,South West
E14001027,Welwyn Hatfield,Welwyn Hatfield,welwyn-hatfield,621,610,1415,E15000006,Eastern
E14001028,Wentworth and Dearne,Wentworth and Dearne,wentworth-and-dearne,,611,1541,E15000003,Yorkshire and The Humber
E14001029,West Bromwich East,West Bromwich East,west-bromwich-east,623,612,1418,E15000005,West Midlands
E14001030,West Bromwich West,West Bromwich West,west-bromwich-west,624,613,1419,E15000005,West Midlands
E14001031,West Dorset,West Dorset,west-dorset,199,200,1422,E15000009,South West
E14001032,West Ham,West Ham,west-ham,625,614,1424,E15000007,London
E14001033,West Lancashire,West Lancashire,west-lancashire,354,349,1426,E15000002,North West
E14001034,West Suffolk,West Suffolk,west-suffolk,556,550,1429,E15000006,Eastern
E14001035,West Worcestershire,West Worcestershire,west-worcestershire,646,635,1431,E15000005,West Midlands
E14001036,Westminster North,Westminster North,westminster-north,,615,1434,E15000007,London
E14001037,Westmorland and Lonsdale,Westmorland and Lonsdale,westmorland-and-lonsdale,628,616,1435,E15000002,North West
E14001038,Weston-Super-Mare,Weston-Super-Mare,weston-super-mare,629,617,1436,E15000009,South West
E14001039,Wigan,Wigan,wigan,630,618,1437,E15000002,North West
E14001040,Wimbledon,Wimbledon,wimbledon,632,621,1438,E15000007,London
E14001041,Winchester,Winchester,winchester,633,622,1439,E15000008,South East
E14001042,Windsor,Windsor,windsor,634,623,1440,E15000008,South East
E14001043,Wirral South,Wirral South,wirral-south,635,624,1442,E15000002,North West
E14001044,Wirral West,Wirral West,wirral-west,636,625,1443,E15000002,North West
E14001045,Witham,Witham,witham,,626,1543,E15000006,Eastern
E14001046,Witney,Witney,witney,637,627,1444,E15000008,South East
E14001047,Woking,Woking,woking,638,628,1445,E15000008,South East
E14001048,Wokingham,Wokingham,wokingham,639,629,1446,E15000008,South East
E14001049,Wolverhampton North East,Wolverhampton North East,wolverhampton-north-east,640,630,1447,E15000005,West Midlands
E14001050,Wolverhampton South East,Wolverhampton South East,wolverhampton-south-east,641,631,1448,E15000005,West Midlands
E14001051,Wolverhampton South West,Wolverhampton South West,wolverhampton-south-west,642,632,1449,E15000005,West Midlands
E14001052,Worcester,Worcester,worcester,644,633,1452,E15000005,West Midlands
E14001053,Workington,Workington,workington,647,636,1453,E15000002,North West
E14001054,Worsley and Eccles South,Worsley and Eccles South,worsley-and-eccles-south,,637,1544,E15000002,North West
E14001055,Worthing West,Worthing West,worthing-west,650,639,1456,E15000008,South East
E14001056,Wycombe,Wycombe,wycombe,653,642,1458,E15000008,South East
E14001057,Wyre and Preston North,Wyre and Preston North,wyre-and-preston-north,,643,1545,E15000002,North West
E14001058,Wyre Forest,Wyre Forest,wyre-forest,654,644,1460,E15000005,West Midlands
E14001059,Wythenshawe and Sale East,Wythenshawe and Sale East,wythenshawe-and-sale-east,655,645,1461,E15000002,North West
E14001060,Yeovil,Yeovil,yeovil,656,646,1462,E15000009,South West
E14001061,York Central,York Central,york-central,,648,1546,E15000003,Yorkshire and The Humber
E14001062,York Outer,York Outer,york-outer,,649,1547,E15000003,Yorkshire and The Humber
W07000041,Ynys Môn,Ynys Môn,ynys-mon,,,,W08000001,Wales
W07000042,Delyn,Delyn,delyn,180,179,868,W08000001,Wales
W07000043,Alyn and Deeside,Alyn and Deeside,alyn-and-deeside,10,10,672,W08000001,Wales
W07000044,Wrexham,Wrexham,wrexham,652,641,1457,W08000001,Wales
W07000045,Llanelli,Llanelli,llanelli,381,375,1098,W08000001,Wales
W07000046,Gower,Gower,gower,278,273,975,W08000001,Wales
W07000047,Swansea West,Swansea West,swansea-west,566,559,1357,W08000001,Wales
W07000048,Swansea East,Swansea East,swansea-east,565,558,1356,W08000001,Wales
W07000049,Aberavon,Aberavon,aberavon,1,1,664,W08000001,Wales
W07000050,Cardiff Central,Cardiff Central,cardiff-central,123,126,789,W08000001,Wales
W07000051,Cardiff North,Cardiff North,cardiff-north,124,127,790,W08000001,Wales
W07000052,Rhondda,Rhondda,rhondda,477,470,1243,W08000001,Wales
W07000053,Torfaen,Torfaen,torfaen,583,576,1375,W08000001,Wales
W07000054,Monmouth,Monmouth,monmouth,409,401,1137,W08000001,Wales
W07000055,Newport East,Newport East,newport-east,424,417,1160,W08000001,Wales
W07000056,Newport West,Newport West,newport-west,425,418,1161,W08000001,Wales
W07000057,Arfon,Arfon,arfon,,16,1472,W08000001,Wales
W07000058,Aberconwy,Aberconwy,aberconwy,,2,1471,W08000001,Wales
W07000059,Clwyd West,Clwyd West,clwyd-west,150,155,833,W08000001,Wales
W07000060,Vale of Clwyd,Vale of Clwyd,vale-of-clwyd,598,588,1389,W08000001,Wales
W07000061,Dwyfor Meirionnydd,Dwyfor Meirionnydd,dwyfor-meirionnydd,,217,1490,W08000001,Wales
W07000062,Clwyd South,Clwyd South,clwyd-south,149,154,831,W08000001,Wales
W07000063,Montgomeryshire,Montgomeryshire,montgomeryshire,410,402,1139,W08000001,Wales
W07000064,Ceredigion,Ceredigion,ceredigion,133,135,803,W08000001,Wales
W07000065,Preseli Pembrokeshire,Preseli Pembrokeshire,preseli-pembrokeshire,465,459,1231,W08000001,Wales
W07000066,Carmarthen West and South Pembrokeshire,Carmarthen West and South Pembrokeshire,carmarthen-west-and-south-pembrokeshire,129,132,796,W08000001,Wales
W07000067,Carmarthen East and Dinefwr,Carmarthen East and Dinefwr,carmarthen-east-and-dinefwr,128,131,795,W08000001,Wales
W07000068,Brecon and Radnorshire,Brecon and Radnorshire,brecon-and-radnorshire,86,89,752,W08000001,Wales
W07000069,Neath,Neath,neath,415,408,1146,W08000001,Wales
W07000070,Cynon Valley,Cynon Valley,cynon-valley,175,174,862,W08000001,Wales
W07000071,Merthyr Tydfil and Rhymney,Merthyr Tydfil and Rhymney,merthyr-tydfil-and-rhymney,401,393,1119,W08000001,Wales
W07000072,Blaenau Gwent,Blaenau Gwent,blaenau-gwent,68,71,732,W08000001,Wales
W07000073,Bridgend,Bridgend,bridgend,92,94,758,W08000001,Wales
W07000074,Ogmore,Ogmore,ogmore,443,437,1203,W08000001,Wales
W07000075,Pontypridd,Pontypridd,pontypridd,460,454,1226,W08000001,Wales
W07000076,Caerphilly,Caerphilly,caerphilly,112,114,780,W08000001,Wales
W07000077,Islwyn,Islwyn,islwyn,342,336,1048,W08000001,Wales
W07000078,Vale of Glamorgan,Vale of Glamorgan,vale-of-glamorgan,599,589,1390,W08000001,Wales
W07000079,Cardiff West,Cardiff West,cardiff-west,126,129,792,W08000001,Wales
W07000080,Cardiff South and Penarth,Cardiff South and Penarth,cardiff-south-and-penarth,125,128,791,W08000001,Wales
S14000001,Aberdeen North,Aberdeen North,aberdeen-north,670,3,666,S92000003,Scotland
S14000002,Aberdeen South,Aberdeen South,aberdeen-south,671,4,667,S92000003,Scotland
S14000003,Airdrie and Shotts,Airdrie and Shotts,airdrie-and-shotts,673,6,668,S92000003,Scotland
S14000004,Angus,Angus,angus,674,12,674,S92000003,Scotland
S14000005,Argyll and Bute,Argyll and Bute,argyll-and-bute,675,17,675,S92000003,Scotland
S14000006,"Ayr, Carrick and Cumnock","Ayr, Carrick and Cumnock",ayr-carrick-and-cumnock,676,23,797,S92000003,Scotland
S14000007,Banff and Buchan,Banff and Buchan,banff-and-buchan,679,27,684,S92000003,Scotland
S14000008,"Berwickshire, Roxburgh and Selkirk","Berwickshire, Roxburgh and Selkirk",berwickshire-roxburgh-and-selkirk,680,51,1260,S92000003,Scotland
S14000009,"Caithness, Sutherland and Easter Ross","Caithness, Sutherland and Easter Ross",caithness-sutherland-and-easter-ross,681,115,782,S92000003,Scotland
S14000010,Central Ayrshire,Central Ayrshire,central-ayrshire,677,24,682,S92000003,Scotland
S14000011,"Coatbridge, Chryston and Bellshill","Coatbridge, Chryston and Bellshill",coatbridge-chryston-and-bellshill,682,156,836,S92000003,Scotland
S14000012,"Cumbernauld, Kilsyth and Kirkintilloch East","Cumbernauld, Kilsyth and Kirkintilloch East",cumbernauld-kilsyth-and-kirkintilloch-east,683,173,859,S92000003,Scotland
S14000013,Dumfries and Galloway,Dumfries and Galloway,dumfries-and-galloway,684,207,952,S92000003,Scotland
S14000014,"Dumfriesshire, Clydesdale and Tweeddale","Dumfriesshire, Clydesdale and Tweeddale",dumfriesshire-clydesdale-and-tweeddale,685,208,885,S92000003,Scotland
S14000015,Dundee East,Dundee East,dundee-east,688,211,886,S92000003,Scotland
S14000016,Dundee West,Dundee West,dundee-west,689,212,887,S92000003,Scotland
S14000017,Dunfermline and West Fife,Dunfermline and West Fife,dunfermline-and-west-fife,690,213,889,S92000003,Scotland
S14000018,East Dunbartonshire,East Dunbartonshire,east-dunbartonshire,686,209,1344,S92000003,Scotland
S14000019,"East Kilbride, Strathaven and Lesmahagow","East Kilbride, Strathaven and Lesmahagow",east-kilbride-strathaven-and-lesmahagow,691,223,903,S92000003,Scotland
S14000020,East Lothian,East Lothian,east-lothian,692,224,905,S92000003,Scotland
S14000021,East Renfrewshire,East Renfrewshire,east-renfrewshire,725,469,910,S92000003,Scotland
S14000022,Edinburgh East,Edinburgh East,edinburgh-east,693,228,915,S92000003,Scotland
S14000023,Edinburgh North and Leith,Edinburgh North and Leith,edinburgh-north-and-leith,694,229,917,S92000003,Scotland
S14000024,Edinburgh South,Edinburgh South,edinburgh-south,695,230,919,S92000003,Scotland
S14000025,Edinburgh South West,Edinburgh South West,edinburgh-south-west,696,231,918,S92000003,Scotland
S14000026,Edinburgh West,Edinburgh West,edinburgh-west,697,232,920,S92000003,Scotland
S14000027,Na h-Eileanan an Iar,Na h-Eileanan an Iar,na-h-eileanan-an-iar,719,407,1433,S92000003,Scotland
S14000028,Falkirk,Falkirk,falkirk,698,245,936,S92000003,Scotland
S14000029,Glasgow Central,Glasgow Central,glasgow-central,700,262,970,S92000003,Scotland
S14000030,Glasgow East,Glasgow East,glasgow-east,701,263,959,S92000003,Scotland
S14000031,Glasgow North,Glasgow North,glasgow-north,702,264,966,S92000003,Scotland
S14000032,Glasgow North East,Glasgow North East,glasgow-north-east,703,265,971,S92000003,Scotland
S14000033,Glasgow North West,Glasgow North West,glasgow-north-west,704,266,958,S92000003,Scotland
S14000034,Glasgow South,Glasgow South,glasgow-south,705,267,960,S92000003,Scotland
S14000035,Glasgow South West,Glasgow South West,glasgow-south-west,706,268,967,S92000003,Scotland
S14000036,Glenrothes,Glenrothes,glenrothes,707,269,800,S92000003,Scotland
S14000037,Gordon,Gordon,gordon,708,271,973,S92000003,Scotland
S14000038,Inverclyde,Inverclyde,inverclyde,709,330,981,S92000003,Scotland
S14000039,"Inverness, Nairn, Badenoch and Strathspey","Inverness, Nairn, Badenoch and Strathspey",inverness-nairn-badenoch-and-strathspey,710,331,1042,S92000003,Scotland
S14000040,Kilmarnock and Loudoun,Kilmarnock and Loudoun,kilmarnock-and-loudoun,711,342,1054,S92000003,Scotland
S14000041,Kirkcaldy and Cowdenbeath,Kirkcaldy and Cowdenbeath,kirkcaldy-and-cowdenbeath,712,345,1059,S92000003,Scotland
S14000042,Lanark and Hamilton East,Lanark and Hamilton East,lanark-and-hamilton-east,713,348,835,S92000003,Scotland
S14000043,Linlithgow and East Falkirk,Linlithgow and East Falkirk,linlithgow-and-east-falkirk,714,369,1088,S92000003,Scotland
S14000044,Livingston,Livingston,livingston,715,374,1097,S92000003,Scotland
S14000045,Midlothian,Midlothian,midlothian,716,396,1130,S92000003,Scotland
S14000046,Moray,Moray,moray,717,403,1140,S92000003,Scotland
S14000047,Motherwell and Wishaw,Motherwell and Wishaw,motherwell-and-wishaw,718,406,1145,S92000003,Scotland
S14000048,North Ayrshire and Arran,North Ayrshire and Arran,north-ayrshire-and-arran,678,25,860,S92000003,Scotland
S14000049,North East Fife,North East Fife,north-east-fife,699,250,1173,S92000003,Scotland
S14000050,Ochil and South Perthshire,Ochil and South Perthshire,ochil-and-south-perthshire,720,436,1202,S92000003,Scotland
S14000051,Orkney and Shetland,Orkney and Shetland,orkney-and-shetland,721,441,1209,S92000003,Scotland
S14000052,Paisley and Renfrewshire North,Paisley and Renfrewshire North,paisley-and-renfrewshire-north,722,445,1213,S92000003,Scotland
S14000053,Paisley and Renfrewshire South,Paisley and Renfrewshire South,paisley-and-renfrewshire-south,723,446,1214,S92000003,Scotland
S14000054,Perth and North Perthshire,Perth and North Perthshire,perth-and-north-perthshire,724,450,1219,S92000003,Scotland
S14000055,"Ross, Skye and Lochaber","Ross, Skye and Lochaber",ross-skye-and-lochaber,726,479,1256,S92000003,Scotland
S14000056,Rutherglen and Hamilton West,Rutherglen and Hamilton West,rutherglen-and-hamilton-west,727,487,969,S92000003,Scotland
S14000057,Stirling,Stirling,stirling,728,533,1333,S92000003,Scotland
S14000058,West Aberdeenshire and Kincardine,West Aberdeenshire and Kincardine,west-aberdeenshire-and-kincardine,672,5,1417,S92000003,Scotland
S14000059,West Dunbartonshire,West Dunbartonshire,west-dunbartonshire,687,210,884,S92000003,Scotland
N06000001,Belfast East,Belfast East,belfast-east,42,45,700,N92000002,Northern Ireland
N06000002,Belfast North,Belfast North,belfast-north,43,46,701,N92000002,Northern Ireland
N06000003,Belfast South,Belfast South,belfast-south,44,47,702,N92000002,Northern Ireland
N06000004,Belfast West,Belfast West,belfast-west,45,48,703,N92000002,Northern Ireland
N06000005,East Antrim,East Antrim,east-antrim,13,13,898,N92000002,Northern Ireland
N06000006,East Londonderry,East Londonderry,east-londonderry,382,376,904,N92000002,Northern Ireland
N06000007,Fermanagh and South Tyrone,Fermanagh and South Tyrone,fermanagh-and-south-tyrone,252,249,942,N92000002,Northern Ireland
N06000008,Foyle,Foyle,foyle,258,255,947,N92000002,Northern Ireland
N06000009,Lagan Valley,Lagan Valley,lagan-valley,353,347,1063,N92000002,Northern Ireland
N06000010,Mid Ulster,Mid Ulster,mid-ulster,594,585,1126,N92000002,Northern Ireland
N06000011,Newry and Armagh,Newry and Armagh,newry-and-armagh,426,419,1162,N92000002,Northern Ireland
N06000012,North Antrim,North Antrim,north-antrim,14,14,1164,N92000002,Northern Ireland
N06000013,North Down,North Down,north-down,201,202,1169,N92000002,Northern Ireland
N06000014,South Antrim,South Antrim,south-antrim,15,15,1293,N92000002,Northern Ireland
N06000015,South Down,South Down,south-down,202,203,1297,N92000002,Northern Ireland
N06000016,Strangford,Strangford,strangford,547,542,1342,N92000002,Northern Ireland
N06000017,Upper Bann,Upper Bann,upper-bann,596,586,1387,N92000002,Northern Ireland
N06000018,West Tyrone,West Tyrone,west-tyrone,593,584,1430,N92000002,Northern Ireland
